0,1,2,3,4,5,6,7,8,9,10,11
287547.8158191439,-1108696.2752947106,-13364858.352983624,1615865.2567994925,16312421.897130927,-6847497.004224305,-836241.2970610054,-625349.8045004869,-312478.96914986277,-2028129.808509591,-2192557.034007594,16044792.135855101
31902.511330436202,-134000.50626989556,-1524440.954791671,187119.00829485562,1860861.7897057321,-772576.6290454452,-104891.38288113718,-68415.39960108048,-31527.703414356252,-234578.7359074651,-263323.5286863828,1872178.2291414207
292799.35046703997,-913359.5048735781,-14782758.11934518,1720097.7469501137,18046341.069886073,-7920356.596572098,-584139.0648957135,-795324.7826561645,-470686.7158658329,-2130131.579210818,-1940741.9444445395,16216266.459994767
-2276.8040839829864,-523.8993723114385,-23943.18629119259,4674.294332678185,29875.028395742414,-13721.742174109144,-2243.1313111089094,-813.1002863974137,787.9186369983242,-3999.3770240725607,-4411.847040301093,30772.32262612793
-5904.468258127438,1275.9828511385467,-29106.40055956355,7762.554986566901,36693.4358649693,-18546.80103620319,-3009.689282911003,-995.4864187950262,2584.905139293682,-5282.763243915806,-5651.663209348394,38291.154707393405
105796.25428833404,-279442.8566120463,-5577459.288816453,634654.6198783632,6809443.246400018,-3060430.048651819,-149108.00633453115,-321724.8053600916,-203988.40932831488,-779959.6613733817,-630957.7852959938,5798223.593657345
-2947.529000614844,1351.8790603928599,-5147.647731081104,2544.218180440321,6925.144634888422,-4409.216779665602,-849.4804189790947,-36.31599323237736,1299.767935538739,-1162.1065489968173,-1192.0382197712313,7515.614511199551
-3261.041672303035,-286.4293796291107,-28654.389780496367,5968.598241443098,35749.232842293306,-16764.39551378877,-2613.561723351479,-1050.6966851271225,1220.7737480929964,-4858.688555125889,-5340.368160312228,36781.28154713985
354320.17043952254,-1125068.1169620694,-17877687.870186128,2085758.8156232585,21824548.07942803,-9555831.69203657,-729871.1998820812,-954722.9255329566,-559969.221309377,-2583994.242703535,-2380217.3961732127,19716165.3030069
26500.741696439167,-110467.35917813155,-1268953.8928328839,155482.84204083274,1549005.5221014626,-644293.4245680275,-86099.52777960662,-57314.918620901735,-26745.875379851735,-194851.20705449022,-217486.9167407121,1553001.392735459
-8934.12643927933,3036.715486158914,-28731.5385553549,9679.12045976989,36851.99674408007,-20083.676139128398,-3610.2410830945146,-757.2456379104169,4113.492231687665,-5594.557679675482,-5906.466163203819,39275.404983828514
133966.47399435675,401537.781975885,-11341808.760656573,1084811.143889681,13857902.667816026,-7296634.761994901,750406.8259556377,-974609.6553608336,-800022.218928266,-1236390.6793696203,215026.13604116064,7057180.131377974
66200.08715003353,-299751.7382717377,-3492516.1902592317,432320.7397791184,4264308.683237018,-1777650.193398696,-237475.962827797,-157706.97340422092,-70132.33943371291,-537090.1012169949,-598772.6274478567,4275088.637280192
73051.55271610178,-295755.79594288685,-3397270.3393298965,414654.72775816085,4146602.290770464,-1725086.2213845009,-228736.04491075847,-154029.3389701796,-73033.30665957992,-520969.32980587956,-580119.0201764253,4150628.8732211553
-2993.7559185337436,-6186.59833422879,-132453.57591302908,19398.324123438244,162670.41012004076,-72809.73240180363,-7559.240627067582,-6433.947024963021,-849.5007897510458,-20320.652755112682,-20134.29519158402,154252.35861292374
681.9813782765893,-23483.082943176953,-294392.2457614297,39814.18832397047,360797.57420482114,-151382.19563123593,-22644.431769065737,-12291.805981304698,-3202.625236488019,-46116.293415021224,-52444.02686537,368413.62961362785
1382142.7090320154,-5712395.069110613,-62358776.95120974,7656991.5838327985,76106651.27649055,-31352666.48280603,-4491313.79948212,-2738477.3289857814,-1240774.8856848953,-9658641.907203311,-11066909.46325885,77508557.38891277
-2887.1603430277414,-7515.393715987141,-117430.60052231472,17885.942582964042,144571.75731051937,-62248.23163785942,-9583.028970542317,-4696.306508387595,181.894356299528,-18715.44738665334,-21119.138398295174,148037.67615445782
93216.10547663676,-367292.2766013148,-4426536.121600761,536786.2125967254,5403132.599454539,-2267731.325072483,-278680.903568079,-206604.92034085176,-102013.48206361748,-672442.709952345,-728389.2348743596,5321221.376294432
87321.64254257592,-393212.9749105939,-4397592.660411505,545520.5496138403,5368888.249380464,-2221025.385062026,-314111.7783841214,-193925.5691144156,-84155.31541144417,-680955.2001994039,-775410.6745292938,5450977.622445493
876.4403138658196,-6603.489138738626,-129646.39121843313,16054.83780292996,158550.74811758462,-70880.94169853626,-4931.390012771064,-7045.475489552618,-3498.7021719950335,-18760.36373352556,-16583.03974715938,140922.13851788692
72813.33260510072,-288383.77193839615,-3365083.0073764604,409120.72249747545,4107229.202162363,-1713849.8003134134,-220957.0031395824,-154289.9932769826,-74742.63837176331,-514112.6613477699,-566738.4135936222,4086344.7392598786
-11888.341342646632,4971.095075238241,-25378.66813863421,11010.991046137015,33802.052068284574,-20061.12942732672,-4340.270397735033,-94.4982076867416,5384.120609934651,-5278.17988186532,-5410.724282935644,36625.47022547332
20722.663602062636,-81153.01664053406,-980755.2441264017,118867.52088576411,1197157.2083486456,-502645.9320787471,-61559.10701987716,-45829.28160506294,-22721.81041682969,-148911.48237466015,-161082.73929749892,1178064.71120421
76952.58464424795,-180042.79381156797,-4197175.184544705,471202.8201969538,5124604.749934721,-2336511.3598644095,-79410.48721275362,-252096.0823796817,-165494.2959300439,-576071.4106255502,-428167.919591317,4215937.796753786
39794.29917340177,-165905.02378138137,-1920273.3119266469,235209.89160673512,2344083.7238310818,-976391.7698817507,-129070.32824207403,-87140.52943681611,-40758.8947579182,-294504.7339474609,-327404.64841565344,2344647.492772306
8751.77827165595,30560.01846022393,-909593.0886977303,89118.30685622481,1111711.1909884703,-583181.9405112978,56566.25508127077,-77083.72506112342,-61842.37198166347,-100546.78540872833,12326.325982944447,581601.7588314111
1712022.612353138,-6006593.453925696,-82593983.45482248,9801540.35929008,100817941.0047862,-43253017.70940828,-4244349.25686975,-4145516.573164333,-2271513.776706347,-12226779.840728981,-12237628.858086566,95009038.5072584
-5352.943798478091,2462.364671463122,-8810.52357915597,4622.581899061833,11794.0341310099,-7726.543388056919,-1487.9852005123255,-119.32736759270651,2493.986659119207,-2039.263836627343,-2067.1120566125032,12949.183687394621
-2795.9589262121003,-10027.018265772318,-161413.07461920983,23665.824638802893,198062.88749737493,-85985.08597537184,-11448.998643175297,-7184.422768950716,-484.1944087310053,-25446.981087511715,-27687.332004266937,198018.7538279454
65990.31729649335,-268736.72306062805,-3162160.5866406714,385721.1684315388,3859935.1712681786,-1612896.5078342417,-206920.22396464032,-145214.7658218706,-69511.55134363058,-483041.96884468646,-531322.9205815052,3836093.2360649747
128569.8539221733,-498548.5299842074,-5977195.386773468,723466.5263441737,7295473.696749313,-3059408.4388044504,-377205.6117972044,-278713.4225679653,-138482.01330990315,-908115.4283676915,-985078.4984756216,7190016.443261824
440216.9708393042,-1739067.2315071782,-20278589.295636192,2464340.7555299676,24750374.674808804,-10326876.47634658,-1331100.1217952457,-929949.9370670347,-451042.788232828,-3098024.0590178207,-3415229.9652652717,24624430.76443994
75593.62931115051,-310395.87869799417,-3430484.2380275885,420519.5945523059,4186970.656906478,-1729020.4045836625,-243180.63912278198,-151800.38097604082,-69746.5103140702,-529952.264610582,-602955.4572544884,4245732.052770103
128626.61599313364,-511910.14910447947,-5934408.01020122,722189.7487065723,7243115.5611112695,-3018744.93718668,-393233.1450568631,-271024.77211946424,-130472.35607290384,-907860.322167452,-1004577.5946364079,7222478.950262086
159368.90697048637,-601199.7132142986,-7503328.602245215,902879.8676447737,9158425.754866648,-3867842.169318744,-446644.360894901,-358051.3648333547,-183691.2709383047,-1131078.7924742773,-1198429.521695696,8905172.381916262
240354.03558128508,256184.83241297246,-17598170.67032461,1759509.5099233135,21497749.36472837,-10915795.035701413,767348.7989149129,-1391529.5691182283,-1097050.5986079306,-2050004.1272160946,-230994.13465822669,12734076.468233459
3394.303310054789,-15408.7816613186,-179314.75153348717,22176.91102218838,219020.18902612815,-91242.96052182894,-12308.513590556668,-8041.150253923597,-3675.152790243945,-27570.351876102588,-30811.537828718265,219795.6413256149
-11619.046698338181,5521.045005200048,-17167.81328808565,9835.990713990865,23084.784985048223,-15748.726625291285,-3003.4749909518628,-249.8219911367384,5573.968699754317,-4157.55841655845,-4170.729161109938,25687.36508672152
36319.10024108122,-71222.06242513051,-2044367.3406854202,225896.28068943045,2496266.0700643733,-1156297.7855189089,-20691.754007853797,-128272.36259634203,-87288.6755068064,-274604.06007791153,-182985.60595270095,1972695.0669425218
85269.5681108229,-188896.94130511643,-4668041.110813148,521199.283866676,5699555.236422732,-2611238.582795359,-75529.61910202213,-284275.5603353651,-189003.22005510613,-636394.7154949165,-458063.1370517548,4631567.067461426
143523.18710280664,-509210.1893014616,-7094399.860068739,842866.9594985378,8660313.40687271,-3722436.6856748573,-359741.65764378296,-357580.50705745845,-195529.79714901632,-1048869.5873309327,-1043953.2461200668,8138228.726249573
12278283.007814053,-49656754.09749763,-559022270.3729813,68298846.62370154,682276704.1423165,-282784678.70664895,-38556031.79519173,-25070151.294770982,-11751328.979361942,-86022026.07883032,-96796768.19596705,687192871.9905388
400274.6177278277,-1519722.2928643266,-18842306.264402088,2269965.9023340708,22998561.79222197,-9701830.142802102,-1132920.060001003,-895693.4768570183,-456754.2833769439,-2844188.7110418617,-3025562.1779247923,22413434.065640878
6223.789081036131,-26382.96554645686,-292800.60372043884,36037.86491620799,357570.5676311206,-147694.97389822867,-21030.455512393386,-12829.286339607368,-5905.9351472584085,-45212.19359459773,-51449.256236812755,362749.7508729862
574019.9475108205,-2077062.9276948741,-27340179.519156422,3263453.348302438,33371697.02908343,-14219312.584473256,-1501580.5198693972,-1342884.453515997,-716554.2752669709,-4079369.338704619,-4188219.1603608923,31883752.106044978
32496.00462098966,-91197.42150190691,-1688801.6029018238,193632.89750754504,2061773.747215215,-919360.2501680743,-52434.85544981355,-95225.02232800075,-59105.35703548164,-238593.29277935502,-201380.08256257308,1788291.0154230918
-1601.8200978351204,276.85315574368394,-8775.87548196134,2176.3854203561345,11094.171162906234,-5541.385748455768,-904.8136040627863,-297.7216581948756,601.9155129211202,-1560.0223831137466,-1678.5881050365263,11409.343430207378
34767.251142145346,-148793.8563610821,-1740926.2494368698,213836.368946289,2125380.3033409775,-886926.2300042931,-116227.04913141474,-79265.20341298515,-36709.288272780745,-266832.8149358303,-295570.8383853737,2121778.448163433
163389.5854281909,-637076.5341202506,-7580920.586622102,918605.2017809516,9252841.203257423,-3875028.93224988,-483594.59078511054,-351929.4193996562,-173721.22052328166,-1153500.3699365726,-1256741.333099957,9142406.72243438
38136.3516681893,-163986.1198940489,-1920165.827472434,235990.86416594716,2344231.7211402096,-978393.9201878426,-128188.14817561166,-87426.09957464057,-40397.86225507469,-294311.84865627624,-325985.6482253503,2340127.541507827
105182.75372452717,-425294.79882401606,-4852575.411776201,592353.3544282444,5922724.658940539,-2461011.1897565103,-329259.65331182384,-219283.82285074925,-103667.40978493149,-744942.67627548,-832294.5587202635,5940195.046671515
798.5485851511445,-25144.78662605951,-333812.67078742984,44828.13556861266,408501.24065294425,-173423.8149570957,-23283.85697290604,-14947.895097529357,-4056.320002863346,-51962.670516138875,-57400.67856454781,409535.87162593746
90232.00574352653,-382950.138221844,-4355154.2704257,535382.8960087401,5316319.993118788,-2207080.572271291,-300392.22068572696,-195345.439900111,-89243.63230904276,-670543.1405861952,-753418.0239926851,5351925.518500941
40262.948799684615,-199109.12312897263,-2318281.5265935385,289983.09002272267,2831235.645912016,-1179645.5225051295,-160822.11198852403,-103750.39022532447,-43709.87037292193,-357835.800434893,-401504.2006634939,2850757.1818967317
4026.908041893621,-15063.516219503754,-213913.98649339785,25622.945971310615,261204.78679877706,-112513.69578059042,-10885.900513506773,-10792.956974868168,-5793.050650000919,-31655.132065232618,-31467.97319398932,245360.78646355425
-1298.7265817711948,-1408.651383450147,-29038.876490295428,4727.725190459607,35828.096301373014,-15899.176878086224,-2282.413463539,-1223.592938716732,222.20728323348635,-4669.76849846964,-5127.603028791945,36211.94741089918
83877.6690020756,-348645.79115632747,-3900254.3132487466,478557.881259708,4760574.480697938,-1970401.165469239,-273153.6695222442,-173656.36229376227,-79669.34525417289,-601633.1049979478,-680786.6146103492,4812052.110794998
9664.147719942188,-38869.922210564364,-454697.4261550782,55371.86467337012,555055.5959074093,-231658.756032344,-29973.9897471668,-20825.60948278079,-10084.857289346639,-69486.56056629079,-76649.47331795149,552447.1347838903
124335.72710230277,-482823.27248424507,-5830157.538525512,705476.4206161477,7116144.183249969,-2987951.4337653634,-364738.5654746299,-272849.3056456072,-135941.79554807625,-884785.4623227622,-956233.4527089541,6998612.216160573
733307.076329036,-2914907.766769764,-33715326.75112948,4102657.6153398626,41149982.52712733,-17143506.706249747,-2239060.57200129,-1538273.2684315047,-740123.9521661805,-5159467.584690244,-5715071.025148794,41057360.07265516
62239.16638848772,-261239.43399813585,-2891791.353882145,355520.51325433026,3529756.9075204968,-1457883.4811530781,-205756.40052767048,-127744.87036710542,-57914.319195457356,-447069.89810060494,-509097.44307325676,3581818.8074864447
4016.8394069117176,-16099.107313442286,-238316.69535909462,28713.595613150163,291058.9467320248,-126094.05886067523,-11689.39801800604,-12165.82897626766,-6418.063633598432,-35160.61444890857,-34389.38843174355,271262.77561806113
44005.09316363684,-167408.6432774651,-2067718.1254306566,249241.1938948559,2523830.8048562817,-1063933.4552184232,-125113.97506962014,-98078.34543301513,-49897.89733520517,-312361.977774685,-333083.265607401,2462991.371173759
7905.629775938425,-42007.441965372374,-575525.7945689404,71579.18731799738,703191.4021832844,-300967.89012505236,-33088.51682788695,-27868.53432732421,-12729.566290919265,-86687.6194203227,-89802.06082443411,676555.5821429122
695151.497766372,-2736322.0696688443,-32023581.15302522,3888906.723513522,39085330.385854945,-16319149.694261674,-2090542.5887412531,-1472080.9330775584,-716818.6043058371,-4888461.2553538,-5377017.688221113,38835046.93623406
-7125.942593704233,2933.800422029624,-19135.052841242068,7132.271591082176,24671.581671361146,-14387.033092188476,-2207.6097085505726,-639.3856094638484,3224.8635389748383,-3854.5078666398063,-3807.4323570460347,25390.86980740917
6398.29623131563,-31216.596902922687,-389278.49032354273,48339.47071541856,475468.3704553524,-200516.45629381947,-24803.084703312605,-18121.456040722824,-8132.2593651829575,-59365.38815171253,-64223.06839242755,468624.5527092278
37753.22328601322,-145859.4241841053,-2332353.8441994004,278747.8612056604,2848661.0536834844,-1247137.5720992205,-101167.87533985273,-122844.10054315664,-66931.44950041163,-339803.3110990114,-318052.96513765166,2596472.2566237524
558842.8476097425,-2279179.4695531526,-25934730.48252893,3170470.1306602843,31654649.99793681,-13145854.5903923,-1769298.078754764,-1169062.3144007472,-548247.721515915,-3985056.0888328585,-4461986.62589484,31790863.361235566
-1553.0011065141482,8018.316958493545,-116706.7628192801,12432.698946470984,143076.53050646588,-79198.53401528952,9749.651966223058,-10704.192917385335,-7817.808011150998,-12270.853668239677,5390.326677041501,62708.380020668206
-3395.0553547063378,-6435.024415939904,-116538.93445295331,17952.08753381926,143260.89810225667,-62938.64321315324,-8497.744159845512,-5141.357578652699,317.4334201278481,-18571.223095343663,-20159.17254411192,143503.91267098693
9936.902112921625,-13048.518786236304,-698781.7282083051,76074.2029579689,853618.48967115,-407622.34273683914,3867.370060266264,-47221.82935236789,-33135.64575868434,-90366.18988836466,-46798.879591529214,624610.6983599482
14787.489206250313,-61750.35942500979,-698003.834583895,85677.17036862357,852068.977176843,-353319.17403801164,-48483.45885017267,-31218.702582813778,-14403.308002923597,-107494.30056424685,-121078.78827158792,858935.352127278
12701.270101619415,-55003.496638427445,-603361.9273464014,74125.56133211481,738503.8552544694,-303253.1551072536,-46129.49831728643,-24853.208002679617,-12664.529291350527,-92651.96611315354,-105905.81535679576,752308.0537772937
42437.08412725536,-170110.5887714284,-1995898.795802787,242932.74029454248,2436190.8412102456,-1017529.1794415242,-130586.13278096024,-91690.83575635689,-44291.509268765534,-304812.77685448894,-335361.3442650604,2421266.880758226
762261.324814014,-3146945.1604191903,-34975952.98421939,4289235.455971608,42688733.84545827,-17647823.28029942,-2463634.6920018247,-1552994.60243603,-712240.7059858515,-5399786.91592072,-6127911.755741942,43222485.66897236
208238.51356975373,-834746.3068864082,-9561234.174279444,1165506.220359284,11669606.073479028,-4852680.362921364,-644205.8885870066,-433453.48905504134,-206391.01286164369,-1466226.1722463083,-1633692.6791459944,11684435.050525669
-6353.741122378557,2988.9554867765873,-9866.371317172452,4954.32016310662,15301.970380075812,-8580.491635355322,-4024.3710485589036,1441.0083585361294,1934.763571436898,-1429.313353069772,-980.3716592052461,15986.499833739032
92632.84035756257,-391477.08621965296,-4565407.236057294,560014.9200655099,5573288.047513066,-2324615.399060042,-304957.9478029701,-207821.66009523763,-96666.63878766983,-699726.875987925,-775611.598557901,5565492.503732659
-19401.656223782073,335646.7392784733,-804811.9712681739,14465.23515279235,987349.6697135369,-857450.8601834353,384191.4055496847,-169843.2322732432,-176302.15450414573,21833.18436565879,486165.04148827534,-987027.0317813165
-1006.5672254125268,-2350.0429774443187,-37657.31938097903,5711.39158027565,46433.013858382015,-20092.162262904953,-3091.75232437233,-1518.5917840209186,-24.948343505806978,-5981.352572513109,-6714.924813096585,47343.46183300852
1354.1917266388405,-15612.500117920656,-191517.12242406467,25241.898506568385,234370.28482301036,-98259.54230275546,-14094.852765948566,-8316.818742036476,-2655.573493222339,-29866.77259248253,-33814.563962917055,237970.75319069548
-5647.920679960961,-2210.0358511682607,-71179.26244211145,13341.802867931503,88238.21445418189,-40129.03420196929,-6284.887299880104,-2791.9320928435764,2040.6590990210339,-11855.07932143578,-13143.183100392062,90919.04828619989
113367.96644102884,-460770.5431448063,-5236841.3155399,639908.3656944841,6391782.879977726,-2653872.1668309686,-357592.93802248815,-235985.54375945596,-110904.41986162086,-804706.381660136,-901359.6096801932,6420620.526310474
-6489.232917859786,1731.030542320375,-26266.353382366848,7659.829550060621,33729.10414537202,-17342.136434305896,-3408.9442720034385,-567.0468344166796,2673.958510381754,-4758.814303525213,-5099.201690899148,35557.7558351292
88846.7955909204,-338761.87959271384,-4185723.3927099076,504697.4107473766,5109056.968410944,-2153905.1378404493,-253217.66151539408,-198548.13562263575,-100855.01701421684,-632330.2093627411,-674214.637304813,4985710.64452316
13097.931568108084,-50349.94649227894,-622668.9769058177,75202.49842077991,760072.7299143914,-320460.69842172856,-37837.46405313908,-29522.66953781699,-14936.748381015605,-94108.26238699524,-100444.82652984104,742170.286872004
4510.840826662917,4132.277916355588,-401771.77467479487,41418.279526137994,490957.28647091996,-247233.64278388972,14670.652530222009,-30961.59158475836,-23568.32457399536,-47837.804378408706,-9177.679064099028,303085.6271515516
77304.68567624588,-318700.45540931326,-3522748.6870648316,432064.1348550726,4299628.761508007,-1775567.1777747832,-249964.31645094088,-155849.4514532849,-71417.61052176896,-544306.4790504823,-619454.8038464081,4360814.448793172
67219.35848793962,-267281.09430457966,-3137991.8187557985,381541.3051568859,3830136.2665748987,-1599999.4021755983,-204702.7734363107,-144342.95615199575,-70001.74977193063,-479013.21159664815,-526489.1895304826,3804278.711750307
54645.91524406996,-263373.6550612766,-2931871.131127985,366299.947940953,3583159.593856297,-1478568.9042246118,-217562.68023842783,-125519.82662134642,-54307.995754587035,-454345.04409186024,-520596.35102723766,3655128.9326440846
88358.35353008831,-371253.2162787931,-4252931.024386205,521854.66588994995,5191475.455985227,-2158335.2597684003,-290007.66576691327,-191803.8025324261,-88615.61281875019,-653650.1420061348,-731041.6969931228,5211399.9906879505
-8393.496502489603,10597.819593385771,-161940.44595890478,22492.183922530134,199573.6281403175,-108937.18872109082,7829.6924466107785,-13158.392665136,-5746.866391745803,-19448.41110942114,48.03426145287279,110867.62964791506
10264323.359126495,-42121036.02466295,-464309288.7332101,56919018.832293935,566672578.9764814,-233902180.82284543,-32982685.143513203,-20531073.044608455,-9406469.817563469,-71766431.90489635,-81759413.79182582,575070501.6364557
2292071.369593265,-9255960.865833182,-104472000.87995258,12759224.572138254,127506601.82193291,-52874364.21300397,-7179903.694723012,-4693013.887540671,-2205339.6243918524,-16067602.606926916,-18053118.328305062,128309482.48146018
632584.3101488969,-2417793.687185145,-29636596.121813394,3575632.311925172,36173439.401036635,-15229473.20269743,-1811176.1698974753,-1399949.551702078,-708058.3815630146,-4483178.554606712,-4800459.324888499,35384992.65193331
248355.49811512147,-974650.0271394519,-11481912.16872201,1393259.0753040651,14014013.836494349,-5858269.674990967,-742923.2859028773,-529871.6505706088,-259336.25286786276,-1750541.4010392434,-1918356.5711844605,13894021.88416308
27619.16503056397,-141172.3953788271,-1741165.2179748607,217584.63978868464,2126803.9117459594,-895102.9954880796,-113315.5483789049,-80261.60126426978,-34651.183094407825,-266464.0385196401,-290737.19536795275,2107002.627374512
-6593.02424239944,1536.8273640130408,-30797.155338649474,8419.910236087613,38889.654282191696,-19892.645469719257,-3254.458813521413,-1099.1212047586243,2857.199045542798,-5627.591148348527,-6033.944216210989,40592.00743592122
52684.60162064571,-239885.81466805562,-2691979.505790544,334291.31131479645,3286733.4762731944,-1360484.202195512,-192055.24102013506,-118822.03043411813,-51396.62943822741,-416768.1618133697,-474104.5695298007,3335205.299447603
534922.8593591534,-2210505.9833985437,-24686416.776106544,3026926.6529485993,30130658.52597615,-12467676.447673904,-1729160.8536325998,-1099118.1797812446,-505218.2929320589,-3808193.542320002,-4311049.051858726,30462528.839906756
24444.27953140804,-104796.33092304185,-1169829.6869000366,144125.54647945077,1428079.348862621,-590710.4889701834,-82924.4165423796,-51799.01168958541,-23354.339252282152,-180752.0769350696,-205259.0068124472,1446983.0370257122
1184931.2347816562,-4896500.4906335,-54027205.09562519,6629423.5410905015,65939924.175127044,-27221562.602454945,-3840396.201174169,-2388291.4438703996,-1089526.5701773404,-8352246.227076252,-9515776.544655653,66923373.850951836
-7833.39237193058,1711.9647609998415,-36873.20002866419,9997.407253647083,46894.229082785896,-23624.48111343782,-4370.305884223232,-1013.7679164040607,3286.93924600434,-6626.580213224276,-7152.822207604409,49305.441332119335
53413.70740435007,-214720.25789269948,-2530471.443467588,308070.99978120765,3088742.394821196,-1291086.9189697409,-164806.7662156757,-116505.96617354616,-56237.42883691206,-386247.49463017687,-424076.4174761917,3066289.1367892236
124463.1492852866,-172895.58102644418,-7421558.237660977,801874.2238623144,9062984.095531909,-4292559.437985891,18079.531748400015,-494007.81546890724,-350859.59147493506,-965954.4891440802,-531747.5141179282,6742639.992749172
322058.97847579455,-1260722.1782144343,-14885015.465656068,1805337.1495735177,18167560.678622253,-7597722.198431684,-959764.5964495481,-687925.087544785,-337569.4066593934,-2268255.4405655395,-2482240.0282053575,17997154.65773729
682.9467957597632,-3818.858697986339,-44727.589966663494,5574.996059834299,54794.34627307534,-22930.138900207054,-3254.0481835360774,-1955.143508590801,-889.4188357998905,-6944.7516724096,-7795.695664872385,55130.36069372185
215815.5795748308,-880614.5447042113,-9815752.655474337,1201448.7575981286,11980000.458418421,-4955690.824694499,-687036.5806601617,-437183.44918796775,-202616.3554142235,-1513727.4630165137,-1713575.2926551881,12110578.006371982
451869.46191290725,-1882075.6781186282,-20687172.090284783,2541867.0375431334,25249098.269789908,-10415084.89039563,-1480550.2540604244,-911403.9197977517,-412608.314411644,-3201463.7050197595,-3657175.253267264,25668660.253304932
16149.19211806815,-87436.19275616559,-1027806.2188148488,129704.69977714386,1255519.9923350948,-523773.6616921951,-71889.31895631923,-45885.19690586672,-18450.833483610604,-158965.21912111732,-178517.56638294627,1265730.6418003552
47187.39091132949,-171954.02609845524,-2276038.7165344637,271863.13738532463,2778244.521130276,-1184775.954151764,-124469.67514402828,-112024.9798845814,-59715.376375492066,-339450.8016409355,-347777.5449817937,2651502.473099297
57825.71470573073,-210966.41352673716,-2778028.515890836,331997.4258482463,3390977.4866117593,-1444874.375716922,-153022.7244440693,-136384.23319535266,-72488.47549566622,-414677.0336929316,-426065.7440769567,3241304.468714355
17418.420795020742,-76452.6442403051,-984478.9305819306,120578.21741781481,1202205.7866678108,-509995.44279232784,-58700.15123646253,-47032.55866899528,-22635.997391456825,-148677.10929046685,-156950.7428261093,1167657.0150856716
34568.99799209305,-148107.65892538146,-1641350.035866379,202306.59220603542,2003676.3153928122,-827630.6929943042,-117353.05386018424,-72348.04753910466,-32480.691269221115,-253906.54715162134,-289418.1204890607,2034770.9700326503
17812.300430392323,-73367.06814067285,-865816.8167951755,105791.27551109382,1056922.7753238278,-441840.4822549208,-56774.439651449655,-39786.792865081945,-18952.49481663954,-132292.05001677122,-145507.66376557102,1050468.7927370972
27612.59159205465,-100972.17944241382,-1326310.6437089755,158618.79645657606,1618970.5387764205,-689550.6978894506,-73448.32641833396,-65029.25489771689,-34488.201833392035,-198094.63308667892,-203919.54084081735,1549074.7249373402
42600.61396724544,42778.17966775663,-3129861.435265735,313810.0936322985,3823424.3151209536,-1938290.8292929113,133050.70196396005,-246524.8337289027,-193764.62897234326,-365759.4159389427,-45855.78723789669,2279861.7250707177
-8295.857269771222,3877.8294669703664,-12900.687522203665,7102.1925924203515,17256.140988850177,-11577.634617952555,-2290.038378398081,-237.17819434166384,3911.376085330149,-3030.9171347244023,-3046.2922191656903,19175.38249167807
29355.69705321008,-127169.21601340495,-1539013.5280273776,188943.96359302488,1879038.8014183452,-788878.146305692,-98845.66755659721,-71335.04796170595,-33412.34222693925,-234664.36441161507,-255590.97228244107,1857653.7215429028
-14203.663004544856,-6806.815259579555,-198286.72463497057,36341.62216971928,245092.06176704308,-111108.2608615852,-16648.7233712027,-8169.827525117361,5257.197872277866,-32945.47383139926,-36372.04282723382,251464.27772960425
-4097.6358506626375,-12022.717172658518,-187177.3615391458,26597.889704933626,238027.3891745546,-97650.37980571011,-24342.515474126925,-1438.4530589424946,-3689.5395533099095,-26241.27272522629,-27911.77580702088,240884.2505746015
16741.150083194418,-74480.76647828892,-875711.1060954727,108041.31438430656,1069217.6150116413,-446527.1023583235,-58715.336664961374,-39860.38400043224,-18134.181395335338,-134326.47151569425,-148855.59904407756,1067908.5614462253
170823.6135875838,-633037.6527237288,-8074202.633117896,968216.4731135659,9855291.661003383,-4177568.095563216,-465167.2121293312,-390057.6856446864,-203593.4701507126,-1211950.6933371231,-1267632.6002207818,9513223.799828399
121311.81910939951,-488050.20360207715,-5545088.754739299,676634.324234616,6767801.178881141,-2810010.632560499,-377830.4362844673,-250140.84879771684,-118321.79649199118,-851684.9880112495,-953376.0799939645,6795139.199242147
223899.25319298776,-896358.192804719,-10429026.958669316,1269922.3319587447,12729238.074372537,-5308671.364202697,-688959.4500417098,-477015.78830040566,-229184.28179139923,-1594933.2282445296,-1762256.6887749434,12682734.209055007
1899.5208147771548,-13014.06235261188,-151346.502522463,19325.597884608473,185679.50514716707,-76992.76962597315,-11899.123896000237,-6109.181701698706,-2659.431841174511,-23423.717143411526,-26702.816827804094,189113.32909693086
102289.9119416213,-264725.4998194173,-5401643.957563377,613074.0566122899,6594775.257744304,-2970575.926033427,-137747.85847011572,-313706.7767728379,-200229.37928121793,-753118.0133351356,-601552.6139140815,5585372.94158536
-2501.811330442132,-11748.00152231794,-167993.05433297608,24490.68957574023,206725.28934372627,-88071.15260082408,-13799.869624651476,-6685.3291945189085,-628.597067419013,-26526.039118521785,-30022.11384877653,211584.2543561378
-76.51309261517297,-200.10030860286076,-29712.090262177382,3495.9966871521974,36370.412155341546,-17784.9741744806,135.29540315024633,-2085.7420229296968,-1271.765939810765,-3874.819170385627,-1899.0517461294728,26301.110209735536
-930.7240717816321,-13779.126909155277,-183840.8316396765,25693.762858756425,225403.93049296716,-95533.46952053424,-14093.42796419186,-7834.286265860901,-1397.5693880841893,-28980.94376829476,-32808.84079603249,229868.83045506873
23046.295091502016,35546.04789077747,-1715482.6681280995,168896.95473873173,2095654.574179237,-1075816.343155073,86550.387349816,-139305.54847707943,-111540.38305357967,-195882.34287059194,-5794.836357179704,1188439.8692384753
7644.015895112826,-45578.36854886916,-524566.71849944,66873.50428105162,641151.8953247978,-266244.566003617,-38591.74588312884,-22772.730351812508,-8734.447309965659,-81549.67409123496,-93042.88468041264,652891.3983263635
954.6498775639991,-7154.842081452322,-84927.14821730937,10940.149630734191,104091.322680811,-43327.200519251215,-6593.210694461215,-3551.260655864501,-1443.977768776353,-13160.437235504285,-14951.034801987451,105916.62733374847
993939.5475601327,-3875887.3907600306,-46142140.70170663,5590895.644027721,56318312.015486315,-23587803.33473741,-2941244.96913415,-2142732.8051638138,-1057837.031686878,-7020320.582283113,-7646522.359600439,55637208.83868162
218.6517329757036,-3779.1517240831927,-45446.7636941952,5756.5981386453695,56238.70951527542,-23858.215333260785,-3487.831414589657,-1722.4833940010612,-744.1260076134917,-7348.284231888999,-8480.863186327042,56561.56821748452
41036.17349815849,-168233.67026569493,-1900630.488001846,232573.09575624595,2319844.781453214,-962132.6421307866,-131081.88217692808,-85303.13358803942,-39837.65346764017,-292423.2793084098,-328788.4446886501,2335549.3693399103
-10834.757122311192,5962.966013920705,-8803.904781136951,6437.773454893475,20939.928521663995,-9699.41822553518,-11869.158156490168,6540.866310614948,1108.7188640985964,1105.2540937982021,3560.88815746393,19942.93056705888
16535.790669006365,131151.73301909748,-1762169.3771196934,152748.55198222995,2153600.0391152264,-1209872.3440023293,192384.57493690198,-174552.9272357565,-152814.5124510204,-166806.71581053923,141086.84349772675,756090.589802426
-1143.3620165148498,388.54966327503905,-3781.6229048467503,1186.2747038047662,4864.499649435277,-2690.643631340179,-539.0345866691831,-155.35966555513656,394.6870384389446,-724.007042564775,-771.9406008610171,5098.82998863544
308087.72831208684,-1224017.4541454397,-14215626.12252319,1729322.6135725188,17350518.5314031,-7233871.46237286,-939286.1082112002,-650129.8847558346,-313564.8736398675,-2173859.890005109,-2402686.9344261847,17289253.76761348
179669.15962946872,-642360.7934704898,-8612949.01694203,1025718.071852101,10513223.215507416,-4492753.650082911,-460316.68106152344,-426999.1882268951,-230379.17706377822,-1280883.7804911265,-1301208.7964991024,9986775.103033636
11793.6396400956,49119.32692183457,-1161906.4860457128,110473.11070077421,1419942.6836560245,-756267.1045636632,84383.00202923486,-102233.91046004699,-84187.452577976,-124268.39100656382,32912.16278210073,688608.992320938
-1685.6966525198375,607.342496927313,-5139.566738815176,1645.1582109584515,6960.737224963475,-3708.6232996006925,-1062.842986219959,56.52267756318039,531.9632435872383,-928.7515748134433,-946.9795837033433,7286.372767990347
264257.6324840645,-1077851.6377024294,-12013017.956582053,1470378.4010945838,14661715.489105554,-6064919.182214176,-840879.5952060225,-535055.2962512133,-247953.7036307253,-1852590.2499369155,-2097270.5391600765,14821841.236638745
144811.72888531184,-629503.1160023297,-6985940.345651618,862990.1979672139,8527839.243069742,-3523366.2717533177,-499554.9070239915,-307984.1365571318,-136182.80797765995,-1081489.540116944,-1233290.928048167,8663477.188643888
-1910.592431871604,-6075.644410408299,-93347.43581916387,13923.256189269383,114710.10403449163,-49464.77325385995,-7326.79851115688,-3975.813246163461,-95.92808932422972,-14867.55741910547,-16699.79738779476,116901.73995145617
-3176.7440885007904,-2484.62229725909,-98683.91670212238,14613.897929794211,121301.761905015,-56584.577470716176,-4037.2695086442436,-5398.78895765284,-905.3324088269217,-14669.124563610538,-12560.90766351108,107256.57267953952
29252.03273226537,-112781.2345236772,-1819151.707822367,217260.9374927938,2221886.7048850073,-973855.4901247361,-77961.0705502666,-96168.36388987706,-52579.032274026285,-264709.330864305,-246653.24790135372,2020670.6573308194
50736.2155709577,-196321.2873248386,-2401696.559867463,290279.4045114839,2931513.394435768,-1233728.8202819254,-147774.55386095503,-113244.13463561244,-56860.93854476663,-363657.69821427437,-390258.2452036085,2871499.312025742
109764.96076928753,-292041.15390776924,-5753136.176700675,655136.6469852274,7023801.215455272,-3152717.012497668,-157707.3573256389,-330790.4698713331,-209224.55066974924,-805768.2928811326,-656313.9902674429,5998175.578053034
1232284.4002090984,-4989096.544882466,-56084682.78880401,6853854.7020470025,68450349.995002,-28362804.742973495,-3876356.482449921,-2512790.742672781,-1176044.3419034039,-8632921.908648342,-9722620.095159099,68979574.06546411
-3557.493331992861,-564.5878798804274,-34150.02225944786,6832.160355080829,42656.43977118401,-19952.354969343283,-3180.9257828252257,-1278.635841599196,1310.7268537640248,-5887.18909105121,-6525.562041447377,43833.591048488066
28518.348713340412,-121808.69878198145,-2064196.1023239975,248648.26457650575,2521917.732920928,-1111561.6883532922,-85208.10710997577,-110138.18626708849,-58801.15512606009,-299662.21747375425,-274812.3608633554,2277096.1126398733
23439.35443274808,-85290.78891569603,-1387590.4509372422,164620.4100376431,1694573.5759221113,-743690.4338111037,-57774.802746509005,-73900.10332890734,-41274.240968329825,-201259.39114014158,-185825.46533869224,1533937.1712009958
1551310.1746493117,-6328303.467075715,-70393018.20352821,8617194.695510788,85912833.56428698,-35525182.04922514,-4938126.508351751,-3131688.251841747,-1449015.1372411463,-10859598.773360549,-12306508.016200598,86904665.14774315
-2976.480167733363,1128.5820168367845,-8188.401298042162,2888.406887078135,10745.702783077199,-6252.958936271363,-1067.0590338837685,-228.61819249982423,1236.6847978987953,-1737.8527938289376,-1859.0449639557173,11077.400693052528
27324.841325215195,-110818.80934350529,-1377158.8546756327,167369.6561453246,1681247.8932553418,-709282.6577379514,-84204.9051842536,-65151.684039148706,-32097.08654938689,-208476.2697669302,-222802.00824495195,1643559.1426320616
49728.730443635926,-148885.2767326816,-2564530.684780955,296588.57499069336,3130840.9205734064,-1384626.2425146007,-91299.91453397516,-141138.92642663838,-85296.29206374973,-366212.9010204244,-322284.0096680379,2767722.5769233475
57044.72265150506,-189556.40885446547,-2897569.7176639144,340357.8045345682,3537323.147465539,-1540771.5589700413,-127047.33881864304,-152198.09254925986,-87199.93028616522,-421779.8273593654,-398016.3330456206,3234250.4782936866
256261.12427849785,-902382.5376415541,-12430316.010165729,1475782.499311208,15173210.971433468,-6511254.299226066,-638181.1611601188,-624192.0670909532,-341590.9854078688,-1840011.8438817437,-1840676.2005541215,14295432.277408568
836693.6533262824,-3434689.177719768,-37935967.27612014,4650136.576771343,46299879.27289503,-19118201.49739214,-2688835.3665542607,-1679350.4353662345,-770306.5917595472,-5861615.893787858,-6671003.506709786,46957376.16327764
356109.7797616995,-1449286.8374771087,-16405881.882683935,2005540.27832763,20023790.877696376,-8307709.377163125,-1125848.3530497013,-737579.9933833877,-345448.217425907,-2522859.9154783855,-2832063.4241093737,20140248.6148044
92836.8920314908,-394798.8828124382,-4516502.49653138,555148.086455073,5513387.240608016,-2291450.2681385577,-309473.98455966276,-203293.5043182979,-93090.73076719862,-694745.4246234943,-778316.2355807241,5540697.861178432
31028.277779952426,-147213.89091312612,-1664369.7058120207,207605.29792938073,2032364.8276666077,-842280.9610101394,-118866.16354193987,-73491.18445516225,-31139.492596593398,-257795.61863566627,-292970.594787614,2061783.4104974547
957.9019601202165,-28258.277070370266,-377189.234425875,50566.40687274622,461561.356260126,-196167.4706109728,-26151.300090941942,-17029.599968177423,-4713.77704788226,-58645.34634749408,-64581.42796276594,461837.9467665484
5255.588518887942,-28981.488925498692,-333463.2904972977,42149.56302265588,407489.7534860532,-169293.18683601965,-24203.784651384587,-14638.79990489449,-5930.03505957836,-51713.97394693592,-58787.282755599976,413762.97612130793
205557.16505075665,-829953.7140621191,-9515421.764463112,1161028.4918408177,11613941.105770102,-4830260.050081423,-641573.5893209496,-431315.6415965039,-204553.8574440502,-1459457.163601263,-1626284.10377564,11629805.986841649
1235603.4444028677,-2928685.1229379023,-66581700.161678724,7483071.091151551,81291566.96624485,-36986076.32870172,-1330479.1558443385,-3977602.27345575,-2603035.057382377,-9161085.831635365,-6893587.376566144,67199422.98495099
80608.85328927176,-332214.15702502156,-3665898.545978048,449644.63409415015,4474309.790843909,-1847146.5609953976,-260678.55055496696,-162070.2192480589,-74219.03734489933,-566574.4006303787,-645349.409903544,4540305.174736736
-892.0407454245509,346.49664427134894,-3133.547707484061,920.571431898213,3991.312851770007,-2280.2914549122015,-354.7469307863663,-206.9823175646997,230.77432335671523,-567.5611585495229,-556.5587478060974,3891.539349949332
-2841.2070378728354,406.0196195202497,-16021.480511673944,3930.325621093488,20208.981468084447,-10035.159764729227,-1715.7428921540181,-604.3061356993213,1041.5630091101375,-2817.402716586527,-3100.1386664641345,20976.57029299964
-371.5964489445776,-5291.652180727399,-71033.57540079491,9873.016455587589,87169.27155287692,-37006.8610155341,-5532.377205485279,-3052.6231306146283,-661.9195403078924,-11153.51374581989,-12588.914906999642,88704.50917258611
-2515.347051221908,1270.3636523659309,-2568.0544152569128,1869.1142493252985,3629.508013467871,-2917.9042151538347,-589.024418318278,-96.46752806531717,995.8348471476187,-677.6897340051034,-693.8620246854352,3981.75630292305
16.710897830363674,-3882.7026114814466,-49708.92768651407,6699.071945839233,60989.61410629954,-25731.339525151656,-3927.884196970558,-2127.901334193736,-667.76819089338,-7745.9622748211605,-8756.961023913846,62023.77606689849
-274.2087842188951,-5288.776120465708,-75509.41899361675,10348.919904256913,92474.78790897953,-39739.110387878056,-5253.215796916106,-3489.6201211068824,-853.8185474990873,-11745.400781571769,-12779.130475335596,92025.5732997496
-11615.560428214914,6038.395256992847,-10245.656641215883,8874.266290428304,14683.137434607159,-12149.301090707368,-2770.2696063239964,75.24707584573339,5549.123055269956,-2986.217253998261,-2828.041258041203,17267.72974035312
1384.8754443364865,-7118.515430568589,-81998.41900880533,10250.683264692838,100246.63944341554,-41738.33878273553,-5996.786640746221,-3652.84997040808,-1599.2017483185339,-12669.944264611817,-14292.766190734326,101400.4030401856
237879.13622151074,-747053.8409783024,-12131394.231355233,1412820.7588552327,14809999.445627023,-6502482.063317701,-478555.3052680066,-653077.7275806915,-385611.72004592937,-1747973.4120671998,-1591148.83061317,13303140.274412038
110851.43924658457,-435912.6847944864,-5138958.901914782,623742.2253432436,6272305.377573441,-2622345.0804790305,-332522.0832791692,-237244.842829118,-116023.82231106915,-783484.485809349,-858464.4168794171,6218163.700922661
86831.65799625103,-351572.23509486526,-4004598.661975365,488945.29222737567,4887752.325671726,-2030358.1013940212,-272442.96769251063,-180836.40398891666,-85410.17403594706,-614954.4334879316,-687770.8204307338,4905065.7963763485
-1965.7830859457563,-1458.8512593368837,-34081.48900315396,5839.68183780654,42197.66487118882,-18921.328242385363,-2952.1107014168774,-1413.7930686569173,499.28088514570436,-5589.807040268114,-6225.282330802983,43142.80264278904
55852.092663646676,-222497.1277706446,-2564894.4504685677,312324.8943748116,3130525.9502784223,-1303391.7351748939,-171388.59403934013,-116807.27301024886,-56036.95217419844,-392793.27580908965,-436070.6001604993,3127594.2453567577
33403.711406077506,-169184.81033813744,-1896865.1045815158,237990.77173595494,2319716.2553759087,-957594.89569513,-142495.68656773542,-80270.79958131716,-34794.64929109952,-293638.871521962,-336081.0387397562,2366229.7609868986
46224.32146194009,-201423.44568713944,-2316670.9526193393,285567.05645448936,2828227.8610405833,-1176500.3639952224,-158715.91144212947,-104356.30422051108,-47223.75393549467,-356427.18323215144,-398929.0642332806,2841190.6921456037
12225.4541792821,-71175.77252875229,-856160.1589542278,108537.55727097271,1046030.3379983862,-438127.9160935892,-58963.87485996239,-38569.1470986929,-15282.555707429421,-132175.7323490571,-147256.25354694307,1049781.845382913
4434.570946892752,-16729.262518756346,-243725.0331808517,29101.68036278696,297589.6475647228,-128745.3558023699,-12012.251771213821,-12517.297346365081,-6775.358358370704,-35942.186328998316,-35215.80288222323,277524.1992205718
79264.45035794498,-246546.25828918256,-3977680.4425336244,462709.08036725863,4855764.910692418,-2130373.2165872105,-157879.9364252708,-213916.4890031431,-126683.36973776836,-573332.4067139431,-523121.8171333613,4366241.237273258
403945.68649596296,-1529514.5582280934,-19122707.820190296,2302047.430674039,23341128.392641675,-9860385.22249691,-1136946.6333305442,-913045.0558521029,-467704.58325030573,-2882333.8530849023,-3052107.6199703286,22688607.95895098
368734.7115157401,-1489887.9049886097,-17261442.876979213,2105183.893747803,21068905.48728729,-8779477.55520943,-1149036.5797818277,-786890.3514016878,-374975.5718142,-2642923.232821227,-2928968.7407304747,21030227.387582205
188181.65693582268,-776087.4141146488,-8573508.261588018,1051561.9084243805,10463986.495406022,-4320838.165263535,-608465.8408114138,-379355.39126987156,-173594.5314153747,-1324939.1920181478,-1508287.541181352,10614764.736635536
371462.0582003888,-1218352.5731806655,-18339743.522314575,2151161.6570606134,22387443.274146996,-9731996.347630594,-816469.1850087832,-958928.7078433952,-550998.3422152944,-2673002.8706778735,-2538187.9245411353,20530349.271132078
1726.3575091323066,8936.502504237385,-244360.66931115562,24183.387605856402,298739.90067923145,-157494.82580639282,15443.439801655122,-20914.847447606036,-16594.91157112892,-26947.078481494904,3814.1735213531783,154655.9911310602
8931.297785643648,-40507.380389047496,-486408.3913270382,60105.83142514696,593939.1900062882,-248976.89259300046,-32063.53951371456,-22395.401219677347,-10186.452022893818,-74433.80770525524,-81764.02980942382,590272.0724757367
72709.73919244393,-276032.8170445214,-3973149.3400199763,475681.4698060144,4851382.929033885,-2094471.4397376245,-197255.04633459626,-201701.72667928203,-107903.03435025853,-586551.3918228574,-577828.0791400253,4536544.609634026
59183.56805890566,-279697.6587073692,-3194104.9377890816,397992.69128961535,3900236.498070456,-1619571.31656327,-224844.42109021978,-142028.32998530578,-60648.91337173685,-493813.7357834227,-558080.79233265,3943121.196995502
175006.41833642023,-705571.4388239332,-8049806.375389865,982255.0259909758,9824945.00272898,-4082521.700887929,-545889.8140352534,-363960.6458434421,-172331.24164227513,-1235618.6694453661,-1380278.051943073,9852694.140650554
207965.15033899824,-886070.7214166517,-9751286.002884697,1201879.7505041321,11902660.984045155,-4910242.550306117,-701065.8201733861,-428686.15934602957,-191273.44664364532,-1510338.8488915807,-1727294.2601559968,12111060.135800902
67555.29311479838,-262609.5686007701,-3146879.1299676606,381000.3843200508,3840928.453991929,-1610615.9793285755,-198969.05012355116,-146746.27443581898,-72842.00717802248,-478209.46744022274,-519014.2561775506,3786616.327241888
345732.477040516,-1311510.1653879082,-16173378.582568513,1948688.5441907397,19740569.80458444,-8319971.063074567,-978958.4456517507,-766951.3832965293,-390488.5934722199,-2443318.098861277,-2606309.147048812,19267949.752521235
601238.0900646897,-2434572.576064148,-27511829.71569797,3361100.3713112087,33578186.108670056,-13927161.019605603,-1889477.9241923192,-1236382.5178953784,-580379.3730216589,-4230955.360995325,-4751859.688543213,33782232.92968141
51266.47783341683,-206877.95242861783,-2366420.135292938,288765.8792400889,2888299.663476128,-1200790.338048225,-160138.45236968336,-107190.89877286502,-50820.846776686434,-363080.657102876,-405090.69579692406,2894339.745654799
266.1723512536351,-3907.161418189585,-48565.03393981496,6373.096776892257,59487.454910277884,-25117.939923158807,-3671.413927138039,-2180.871810529408,-754.5765091565517,-7566.773094361791,-8491.13397511592,60125.583434495704
6658.041135577869,-38693.67702155948,-451874.5265410757,57384.95857923789,552127.3817462218,-230043.40182322,-32379.88999864992,-20005.094998988206,-7824.284756378176,-70078.13766550116,-79282.30792443997,559190.7732263431
92192.22125347776,-369349.4620305917,-4360717.419600015,530609.8590856153,5322722.853016673,-2225752.1493452517,-283051.54014546,-201095.7413800118,-97310.44006573521,-665273.0302698155,-729477.1653746753,5279819.018837895
654114.8886053781,-2618661.405599074,-30052942.975296512,3662295.2110524187,36679956.3960609,-15258720.438139407,-2019040.694528003,-1364236.4281213963,-650774.0877587189,-4606767.7054201355,-5126994.081751223,36700901.43747108
42453.80734791476,-119837.9244487362,-2308081.0803727135,264829.7251010506,2818089.141074462,-1261783.4072044494,-67736.58580238489,-131465.9699714206,-81554.69845983702,-324886.37106889556,-269378.27860251936,2425640.931356185
-3134.4902830048213,1256.5420535739026,-8472.575208589222,3091.1624660053653,10946.989908648875,-6402.707242284463,-1123.6897480651703,-347.8264621619168,1325.8302620514892,-1735.7353633227183,-1775.0289799216266,11437.915596353185
-339.88271786329733,-148.33177931796962,-4798.254428397705,748.6091410306327,6184.899083944838,-2761.888514334316,-768.6437375404645,-105.561203598695,-118.40719132069468,-729.233050645135,-790.3108979830328,6284.2999674269195
262874.3060883416,-1060632.6395291544,-12006473.17187157,1465924.6572982313,14653843.175088674,-6080092.690409643,-822200.4045582094,-540368.3381369677,-254547.8774843648,-1845542.5697398023,-2070276.2377837265,14731964.739954732
433036.58904978534,-1723739.3476888698,-19967308.557990544,2429976.724219976,24370523.791046515,-10155825.627555633,-1324140.5825010836,-911720.2603269957,-438687.6394034619,-3054993.2070764084,-3381685.5962447287,24306127.924437497
16003.663755046393,-83725.46197891151,-1128983.6749661104,140418.28343311636,1379322.3607020462,-589001.1750298314,-66094.97644969444,-54402.18802404654,-24665.93566707596,-170412.11515936273,-177812.78242884914,1332429.4881247114
558130.1099064667,-2315312.5806794567,-25712682.82268891,3155561.4157813974,31383146.485890135,-12971723.907185359,-1815239.2064937653,-1140563.5025483652,-521082.1946393075,-3971183.6543627316,-4510319.8706739405,31792334.358230334
2731234.628890733,-10123110.438417327,-129659928.50512193,15545663.524038142,158263327.59707418,-67132223.58953744,-7428275.914683168,-6275375.8896656195,-3279391.018447353,-19449338.291441295,-20297688.302826267,152583541.86114848
26760.220918496907,-103752.03399843811,-1513906.6706408754,181590.7914036705,1848669.516805239,-799620.9273111535,-74377.26450939963,-77198.95606535864,-41109.860345242094,-223288.7565004552,-218879.02484655104,1724518.8322973032
253123.22990698702,-993405.3547665102,-11707074.184809972,1420527.3998382946,14288815.883232107,-5973596.839577714,-757197.0648516106,-540436.07846914,-264584.12637644133,-1784759.7370901373,-1955481.4006916212,14164875.802422982
923.4602774141298,-5621.856955292573,-92518.37558270062,11461.10072747306,113093.88091170146,-49680.762693747274,-4457.4780306404145,-4886.657762192196,-2359.196145426169,-13649.946447023583,-13054.515349626297,104368.28722387357
234433.30671283384,-859825.2512291712,-11208042.808357637,1340830.67961959,13680787.530143159,-5819908.076684265,-626013.0107896926,-547489.7474604455,-289338.51601498824,-1675894.8288472462,-1731500.4120707638,13116722.725418568
789601.3810632256,-3233393.448619233,-35804941.864127055,4386633.869622202,43698997.38197622,-18053555.451767832,-2528222.335162213,-1587970.24227775,-730888.3511614283,-5529098.031964529,-6282721.128286598,44276697.693667
-4999.656943697729,-342.46798771964217,-45541.37840742729,9326.076424001196,56606.954883533384,-26861.295302798553,-3879.115119675372,-1981.8864859555756,1779.8013944450702,-7659.534633652108,-8167.349523738568,57220.52503869407
-1134.9071787751102,196.70707221647234,-6605.437630945836,1569.5132615465939,8314.67008763639,-4244.260783876435,-744.6443367700871,-348.46348966294784,373.24161839785694,-1174.5782578574622,-1243.1367650815794,8503.938566477338
22696.656473849747,-94624.60424658214,-1042273.8543512251,127969.60166970143,1272300.8292573323,-525011.1279317483,-74749.74191454554,-45940.05354478862,-21051.88009981564,-161149.6022130694,-183858.32675238582,1292565.7192155514
-968.4031012535978,31540.992581778406,-211135.30676135898,16222.439598461408,258456.4185077532,-162422.75716720082,38794.66358438808,-25857.670402203814,-23446.922863806816,-14873.28515875882,39569.91971079312,19024.158240700228
198030.31203821805,-753466.6539488145,-9262396.470480505,1116627.6612255,11305310.172399044,-4762182.583392871,-563446.4247622964,-438456.17438778526,-222598.3802081865,-1400195.6781538976,-1496497.6694818216,11046932.217937523
103221.16986645962,-331479.22188054456,-5134828.957186771,600234.8145702056,6268211.433323486,-2735511.0129015017,-218248.21813946127,-271748.212993696,-158174.28670250904,-744932.2888046546,-695828.3791355088,5701282.632223019
111913.33454950593,-415624.2205462684,-5314710.607745595,637424.921618454,6487143.246019217,-2751013.6958976337,-305476.3816359357,-257069.75889384912,-134165.2204983743,-797519.1271744112,-833241.7357562832,6258258.890516794
